id,username,password_hash,role
1,U1,scrypt:32768:8:1$GjI9VNuc57L02LfO$30ea34de6fdf9cdaab619438be6f11f164d6f871c80b5d9eab7ca4e5ec1dac9eb56a4c6b876b23ce57e284a5551b41021517726f3d8f00db125b60ce6b5ff5b8,student
2,U2,scrypt:32768:8:1$iRZG4UqAkN1KxyO4$3aedc99e95fcc3679fd607af5b7980d6bf1d783be4165d0033760cc8d3f46d3ec09b87072a753b64dcbd652d720fb4c2f979705006709fffd2477889c9acf868,student
3,U3,scrypt:32768:8:1$jfcBuE5yNXSu7tBn$dc6e8e7b66e375124918e7e311d79085e4c99683d7c214c24f9501e13782c9c2ef40466f62ea8c8a6b79a800360a834de35bb3b3a1b5092db5833a1c4eb39d01,student
4,U4,scrypt:32768:8:1$qLoWEbTuGtahPNrr$8dcd0143bf7d642c47504546ee155839a99e1f9dc70442e63d7802c6fd2dce6da2eb8f15a96c7f302f881ef415648bbe1666afdc20ef1247e0676d2e5d1d5d78,student
5,U5,scrypt:32768:8:1$tYRND2GQpdTdALIg$51550ff16eb4f856631a0fd152bb83ebb303c72123b239ad1f8bdb327843dbd0d0f8b26defd2d80126f0bdc80cedcc62bbe33a3c941e0fd0edd4195309d99c30,student
6,U6,scrypt:32768:8:1$sXg1Ko7fbQbPtRn6$726d19b3fc3f704cd4f9d9975cbece63059b58b41533c5fc1f4973064e031d27ff3e2cf16d4fa303611b626f1610ef6f344df19b62b0c39422d787502bd29850,student
7,U7,scrypt:32768:8:1$DBpMj3h0vhgE2cua$45a3b8f3f7ffa75a787f40dece98e4aa278a934cfa3921f27b12d45335255db8839edc2b289dabc99930e562f93e91a854964fa28e50035944c34617cd1a0722,student
8,U8,scrypt:32768:8:1$kotSJujX1Pg1KJpW$f0814ef51329b0f6dd59f032fd19740fd40ab3c0d6e281a70bc24b6a972c3544ee0610f62f474e1ba5407062514315797ff3785d50f0c35dca72e7da0f502486,student
9,U9,scrypt:32768:8:1$mH0zQmEpQXfrcn9o$f314d540e9fcbf1d826911092f17603bb9461ff46d594c74040e197befaad5303cd43a207a91bc6ce7379fc9492e595535ecf0176caad6849170d6021b931526,student
10,U10,scrypt:32768:8:1$PMeVbS52y6yCR78G$ea382a219cfe6a1de79dde627452ea0478a154faff7684a102a06bd773d36ac484b3e07a9be5ebfe729067924bcdaed7425dea01ba94eff2dc68740164e7d966,student
11,U11,scrypt:32768:8:1$pplzYZxPCUzgfMtr$bcda80383aef144bb50859078a073622b64b0274698666b7cdce426b34f231d0956c59c6f94f27a82229d0cfe0b3a2ed6356f5b67ee208a734263f2069d1aa50,student
12,U12,scrypt:32768:8:1$DUt21Q3rf5vNMQe5$beb8361b188111b19930fecaf1329980c17e9adae87d17f0b3ba95ead3ceefc4684e87621ad865a7c01588b3e7fd9b85a1ca49301649e1fb421a01f2c297aea8,student
13,U13,scrypt:32768:8:1$20baOenwcqLHLkcU$b16e685ad2fef20becbcd443d1987ff79290df3f034c501dcb3163870b3e5313d7a59c14864ddd7671b03cc4728f99e7bb6a9ccb83254a0bde04a76d55a03ee6,student
14,U14,scrypt:32768:8:1$HCa7k5wIlgv9qxue$9f32bde064a569811bea8473cd8fbc70fc898f3e9eb4e54f45ce919399310b90074238549f583147091cb0074afd2bdc28c37f15c9304d38bf9c5d0161b90bb7,student
15,U15,scrypt:32768:8:1$K5E6IQrcCbiM51AA$077711189d1b647bed1e18ae251a3a79cfa4873bf3e2e6c2bbff037a0819b2434038f4eef35bfb5525e670e4d332efe14989d27b59a4822f82f0731c447872a7,student
16,U16,scrypt:32768:8:1$qNZK9OV0utvJNTMN$066dd3fbbe62239682394d2b2247f1dffeecdafd8b99abceb4ae84a8d39fb042d45f41ad28b34ec78d9477f06aab7e97cc5f2af7d50dd798c845b7ac520673c2,student
17,U17,scrypt:32768:8:1$BtYQEt4EpGZl850x$4d20986e8c7e361681bc265bef07f73bd1ec8a41aa857f971214fa07e460aa66c544d2cf23fd213ba1dc29d537aea5a8f8d206986b700e2d604654f7125e58bd,student
18,U18,scrypt:32768:8:1$2STqvQeZwf4Zo0MV$86b2026d965458c649f2894b59f25284c025dddf1b28ea475c2b876076bfb116e4b14eecbdc3d8eb8c5505267c83dd68226ab5131a9433c5100d43e7fe33e35a,student
19,U19,scrypt:32768:8:1$mKkJHwlrTy0dGKgf$cabef63db2c3f51e646aa5e1a9371c5b14768b6bfebae7cc1c11893fecbe808a88a9accfdb44a4046a574a2d33e17ee1b054ba23ef9f6cae9176e71ccd51b3e2,student
20,U20,scrypt:32768:8:1$LytgytOAS96YEt4g$4a097d4df2f86563eca16b9251ebce91f485ef29ec2654ff9d204785ddaaeda50a1083892a0621442dcd56486e18b8357fce57287e4754118b2d2963710245ce,student
21,T1,scrypt:32768:8:1$pHc0ZjruJRs5Twpb$e18b63e8c373bb1841efe276ec20ec0616fb95bb9b1579d123b4904451b934563b7d95b43d062ae64c0637f612bee340b793667a144137fa7d2d577306dd6a81,instructor
22,T2,scrypt:32768:8:1$LhHu56C7mG6H6O4h$6b51e0cedf9f5232a7f5f2a8854047333f77d55bb7e1b957f783f45853e0470fb70ec2b4d803428e6750ca778b0d8952318ecb5e2a438fd12ca1de45301bf84f,instructor
23,T3,scrypt:32768:8:1$4DGquYDF9K2fkrba$8f77596db693d71c0dcaa5bf365aa2394c7f589bb0c48e32f614fe4e1926a47923a80f1439ac1781a0fa111162fa2e7a83f268d231b07612ce5b70ef4d9508ea,instructor
24,T4,scrypt:32768:8:1$33cLn612MQk5wR3g$2fb78c3e49374038ecdd2fc3645a37d84b4c2b0da14cbf0652d172a95e3c973c2817a0341037690145d60341e139de65783c95b0f18ce5f27c8df5e2b1a71209,instructor
25,T5,scrypt:32768:8:1$PfVv6XwJKGTC2ppV$82dfa67c7e55d2f2aabe36de19dda20af1389e71359f5ec49d8d280e8b6a013d012bb57bc33dcef15f612830a56287cab8c8e52120a033ba87077a1301642809,instructor
26,T6,scrypt:32768:8:1$1gziJ4hiTnZCivUh$6e2e6e18fd9a1c9d66c4b2a763f374b2ce7588d97b83ff9602a1db4641d531012be6c48e075a3954fa210e4630d901762271113fd42b003f22523bd5cd901b51,instructor
27,T7,scrypt:32768:8:1$CsmgA3icAcONJGH8$c046a4cda09a262347627cf435997891a90d638e4411a7cb8e4531ddd6d7c19f900c4f883ebfd90e5edeb4d5835bd4d2329d0b1c8321bd72979bcbd55d3cec6b,instructor
28,T8,scrypt:32768:8:1$cXOzERo3swDhbXrR$784a063306110311eef0c9b16c8d0522c440c5c420e21e49b145beaea17375e7cf3bf55a414c0d28beb8c615c3646450290f81fa31ff02bef0f731cbb75eec5c,instructor
29,T9,scrypt:32768:8:1$GkqtMbv2pXa31E7q$bdb5cdb30965f1f00ce807ddfce0efa11768cb956dac8e03fae2c13a5441a4d1948edeaff33fdbea83572567b9f46ac64cbad9ab7d30201356edf2d690e03f98,instructor
30,T10,scrypt:32768:8:1$8aBtrKgD7CK9IQZd$c53b0a23e79e321b066d06b65018afae70bc88495c4d84c1e3dc7cbbade2ff64f99a57114485c6e7d4c6f1cca98671079fd299bce716b2aab349c30693ed9fc7,instructor
31,T11,scrypt:32768:8:1$ssGggYyGaSVYzvzz$768193a5009db054627fe5577f58146eba56eda7d0afcf54a6fadb8927d92405850c2b06ff3147323ee9a15e3774df1287f7fa31013bef5e18e8c47cc2f83868,instructor
32,T12,scrypt:32768:8:1$ldR17qHvsykaKWmP$6bf7624f5d45f1d5f1b9e7e31f81510e9c62cea9368e6c29452ad4bbd9f2a35b89aef087a380ae599eb5373f34d8c3307b3285dc261573beed0c4f6cc9514cac,instructor
33,T13,scrypt:32768:8:1$BRTkHtwNp6zOFdRQ$74b752be5279483935d189dd6cbe01aadbc1c5c60eee40265e61da2df93b60a8cf1dd7d9c07b642fcb40bd69444e5e34cf7918f54ca6b44e6a5cbdf6b51a463d,instructor
34,F1,scrypt:32768:8:1$7E9cS0Czd62RLVtn$0bd7238a7cd410238a5038da5a75f27875e05391f3acc711f8d5a6e2df13bf567e08dfd4f99970a25b216c786e6ae3c95b088768a364dc927854034d2a3c9dc1,staff
35,F2,scrypt:32768:8:1$QWuXWRvaYVjfhvYt$73d26a5c3ab1a1036529137734b3c245e00f9ea87c1f807b15381ad0124cff94c8f2ff4b12e988e150a69838acb5c631455be8b2a109e9921e1ab10c8f943234,staff
36,F3,scrypt:32768:8:1$WWky5ILQ3j6Onwc1$b1d2ab02cc735801a77dc96a4557b5e610e2c3faff656879cfe203704dfa8564dbce6d4c609423619c2201f0b56715cc57307d22c6a3aecc0e48e8d055bda277,staff
37,F4,scrypt:32768:8:1$9NNhbTu4SswwIaMx$07f24fa83b24dc54bd9c538dcf406529107a1e4e2a0f6b3f2b8711f49b896ac61ca68f39b87f516de3004d616289ca706672312bc75735aa80b9b33b29e9e0f1,staff
38,F5,scrypt:32768:8:1$AFK6uSjX9nQM8eZc$73b943a4c41c86768150b4df0309c6fafc1260b6242a164f5786c33f18ea3e00126799fc2df76b9bc5ae4a9748e6735fa23ff2ed807b1e5622698ad8e9ae6516,staff
39,F6,scrypt:32768:8:1$4XJeBYN7Mqlvrf8D$bb0cf201389ea76f5d114569850e4b15b2aeb036aeeda7258665d2d168db460356591db544e3b75ae673c756561c9709f0aeaef814449dbd2e03eeffd1547556,staff
40,F7,scrypt:32768:8:1$Rq3oq7sqY4RPFB1e$75c218423e48b895fb0d6c6e426d06ab74e17b181c38a2ee01077974a33f44fc82991d8cf1fbb695dbd28c579cac727c1d96877ee865b65594cb32748c569b5f,staff
41,F8,scrypt:32768:8:1$cy16jV6eQ0wDCij6$34af7b5a357f9b22373e363c4f5774f7dbcf83d7ba12c426008b5880f751eebf5bf2f3a63f7faae5924c47f6fa4738b061e1167fc7261d1bd00c771ef8ee0394,staff
42,F9,scrypt:32768:8:1$e6Ew7Ebn8mSQPmQJ$b075745c6940e26d3427fe6f07c4fdbc7e874206be23fff7877df3a4ddc972bb779e1c84f7fdf9ccd47f9f685c28c13e8d95e89be632b5771d4cc6ef4b9a80a5,staff
43,F10,scrypt:32768:8:1$dlJJZck4N0FlJ64I$d2c31c155115f510ca73ae1ad33050e42643b13d8faf071c2d567fe4863dfba60602028b61dd365b610f6600867790058bef2bbc5735486e5d25e05aee01c654,staff
44,F11,scrypt:32768:8:1$sxV2v2HapvVkxWE5$b9a667331e1d305891a4cc98835f56a3ccab98c5630b2681530690cf885d62b9846cfca92784d5e0f2b62a30289253d1e32cb5dff52b837826835e1b2c70211d,staff
45,F12,scrypt:32768:8:1$10N2haMBDs24M0PG$c5751c996a81b75fd61f29a45ce416cc86eea247bad8a1f0747c22972c0511e2fc1210aa87e139ef74c46d60145610618d0324b4f4c8a16c49bfc2c1152e8ba7,staff
46,F13,scrypt:32768:8:1$w2dzv6a0w5DkFnKJ$a05b2ffaa1ca45a58602d47ccf7cd9b6cf5ffcdb17decd5a18655a762e71a424e3f17fce1273638fe9e7c43160be4ce30eee35f3af0f0ed86b1565f758b89503,staff
47,F14,scrypt:32768:8:1$UPzFeh7DLmhVmM6a$4e3e5a6d9f377498f36b5363513668af5b0b1305897cb6cc826e0202ebad35a3780cd9a2cc8024912086095241d8af042b11801972b95583a6b65736c8df98f3,staff
48,F15,scrypt:32768:8:1$97uErBXG8l1xqEyB$1631b3d3fb61e9093697ffc3d9be66e2458a97cd058bde29edee1269a37e00fb7a13de7e8995ffc8252d74e313e6e9ee115f02f6cfbe93205ed9768b5acfcc1f,staff
49,F16,scrypt:32768:8:1$IUydxbnF9YKJ61ba$df539f6d909455d59d317f1fdc0f103b20b83fc2041d46d8e5b01f4b0482becd01797e3a2bda0bfd72676095c069dc045fde39aab39f04d768e4d85b5cb086a9,staff
50,F17,scrypt:32768:8:1$H5lUwc9s9VkizIOo$0b88dc12dcd44346c124f0c29885bd362bf7864bca609990a4498033b9cb4af189a8a046805fbb4e35161cbf59d45b69636dcb5a5ab02bf53f74ede08730c846,staff
51,F18,scrypt:32768:8:1$LT992YTmogqEusOb$3fa39d0761b3ad9dba0d3dba46c4560a3fedf4a68ed8ba138b309c1a157dc7a86e5717b29a55adb3d6d243234a6a3ce49374e23d295bf7f1f3f64f98bf01c04f,staff
52,F19,scrypt:32768:8:1$daBOWwRyz4opB0p9$b17600d9d6a3e42cdcfe994eea35f77765a1f7062a1535e2726d0be06f16e720847648fe3a70fae9de03fddc62a73bf1cf9bf53c9e98e1cc61224d780198aebe,staff
53,A6,scrypt:32768:8:1$NvEH9hJL2v9eq5k3$e16937ac6b901659e106cb1615ecb592b17d0e1a3f05cf41df6c3528924206cfc1a800c02155084b7835cba1daffd7cb6e4bc66e6a7e7c006b0de4992970659e,advisor
54,A1,scrypt:32768:8:1$7AqueyZ0A6NTeLTo$2948a83308f04461d65e28232d46dc5288ca3fa3a3b18c1e5f40855dadbd5da123f566cc57589aa4c6ee4cd21d0292c5d1310ec1df5811db3d4cb51441062a66,advisor
55,A2,scrypt:32768:8:1$g6CAriUKi6C3Hvxp$a1ce90f974cef0cecd1fbf0def16ebd9ccb14a7d3503eaca6d482ecd90aeaf6bc4e7cfe59b2911875d01e8782bcd88a2df86f93a6500eb502594194eb42028d5,advisor
56,A3,scrypt:32768:8:1$OK9uCC2vrHefGXkE$d1ac28c2569d99071e759998b46ddc65cf0e7b0e8b34a9cbb7b6dc2626344865c5ff9fedef762d0541163c0705cdf663a79946cc997c6b21dae5340cbff0b20b,advisor
57,A4,scrypt:32768:8:1$gRPhkfXKjcHOmg5h$7e80f64518ef7531aa56f78f566ef36cd49295e5b25f4b14983ea0d3c55342fccc172d8632fc106c1a95d7ffe62daf10767625eeb830480bd739ad63f10d9ad9,advisor
58,A5,scrypt:32768:8:1$dinGkLdKkqi6rmua$bbeaf0f4d5f407f491f3ced1505bf733a6f0c89f8dbe41a3447e9fdbbb7337ab03834b8906401f911f5ae5ea42e0e4148843b2f38bd8824bd6673ce1ebfc64b4,advisor
59,A7,scrypt:32768:8:1$jRhFx9VIwaQWHEcy$97e54d08a8a29d5a8302b612462cad67dedbcc9ccc7403f631e1400dea28d17bb2c6f699efb135c86443409472244f14604ba7660f672a5e9af2d2f90c1c1721,advisor
60,A8,scrypt:32768:8:1$jdRFtaKPf4A2FLCh$667829e842958f351fe78eee33d4b1740fc056c78a26502cc58cccb16b0106d4d9d06df0cd6dcdc794193c61b4704d8aac052dfff87df653846e79e3a2f3c2f8,advisor
61,A17,scrypt:32768:8:1$QUxgqdB6JUANMvDY$0885f4afab965a1326f814ec29bc05be1088019605bf93877f6a81fca0dac061221cb40bb1272d154885343d87c8e497a28a0213d6396980c24c9cfa587e9bc9,advisor
62,A20,scrypt:32768:8:1$O66qil2lJF8omK5i$603726dc814bcf9fc1c1d988005d065937ab20d1021d85a5fe3da70642b82060053a5d244f9aa17f6f7677c37de499b589894482b7236689c5d365d220daa194,advisor
63,A11,scrypt:32768:8:1$rpzoW22kyHUwpjXC$a0402e7e96b25d1e334099f54bc6bed5192161b529c00812ebb08ee5e5f95e3488c24ba0569c1a00ec42a85a1c0e0671928a40fede9803e03fd62b3ab1fc0fb5,advisor
64,A12,scrypt:32768:8:1$Jy7SUOlZTSnRk2IK$5d94f566fd14148c0ca1bb45e6db7c0345a05921c79465ce127466fab89eeedf1cd4e962dfeb04c8e101d29ec126f21813bb82b313bff9389fcf84dd7f5a3f60,advisor
65,A22,scrypt:32768:8:1$q56bP5pSIKlVcqaC$6efcc830673d1b4a0e3886ef2793bde3dba358fa676af89a1438efee87c2e6479b2d71b85c0b25a4c2f45a29c3a3e89aaf0b263c13848ef54feaddaa32ea0bb4,advisor
66,A23,scrypt:32768:8:1$sCQT79W0IoVULX7G$d5b884a0ab27184e6e56042dff343368fd19111ee7e0e872ade3fb03591918741c63ac5addab085278df6b91160384b636716396068d60cc4cbd9f463c0a19e8,advisor
67,A25,scrypt:32768:8:1$B4lU5cJmpnt3w1tI$2a0ef8e5f851dc799c86ee524c55f49f8f39e66853d034280dd577843f064ade3d600d7712fca7874df7994d97095a715a7ab7aafe9be88f28f9da694f12f094,advisor
68,A14,scrypt:32768:8:1$zQtiAXHMD7a6DauP$e9cf7d42ab082ab71c648e3d858daba8b20cafd1635ef88d3f49046981077547bb547610262d8e962517c8f2f8f3cb91edd65e0a3827bf65092f3330026417ac,advisor
69,A15,scrypt:32768:8:1$Kjbjny57sd94xYp3$b292d05cd371e29e27de54f53c34e5e5ce871769202da44dde2e94ec8d4503cdec176b52b32bbc79c339010fb8908b8c95228669941d29ef108deec4c4905a26,advisor
70,A16,scrypt:32768:8:1$2MFx49jlvrYGTCRy$5ef31a6015a0e42fcd1a5282c1b0c83fee76db59a9ed26e7d57b2197e986b0f1c89fea98b00b57a368555e758a173bfa8c8d1bfb07a508fae8240259167494b3,advisor
71,A9,scrypt:32768:8:1$juK7DGvoLpP3bmrD$a693deebaa94e507ff510ad8a317e76cffc38f94720b2f5e6ad13b57c0865824d5ca51330123c71661a683558266bb3dfe8847efc46c078ee1a42f6903e4fec5,advisor
72,A26,scrypt:32768:8:1$9iPYs3MSn0dpF1TW$27a08b83ec5085ed8d69b8cfac6a9ff7a62d6765c8410bc227c055371477d749ac151a83ac80bd8378bb63a90f9246f7c3e6e71019a6adfa8060be9c9f4ade7f,advisor
